Daniel 01,Daniel 02,Daniel 03,Daniel 04,Daniel 05,Daniel 06
Daniel 01,Daniel 02,Daniel 03,Daniel 04,Daniel 05,Daniel 06
Daniel 01,Daniel 02,Daniel 03,Daniel 04,Daniel 05,Daniel 06
Daniel 01,Daniel 02,Daniel 03,Daniel 04,Daniel 05,Daniel 06
Daniel 01,Daniel 02,Daniel 03,Daniel 04,Daniel 05,Daniel 06
Daniel 01,Daniel 02,Daniel 03,Daniel 04,Daniel 05,Daniel 06
Daniel 01,Daniel 02,Daniel 03,Daniel 04,Daniel 05,Daniel 06
Daniel 01,Daniel 02,Daniel 03,Daniel 04,Daniel 05,Daniel 06
Daniel 01,Daniel 02,Daniel 03,Daniel 04,Daniel 05,Daniel 06
Daniel 01,Daniel 02,Daniel 03,Daniel 04,Daniel 05,Daniel 06
Daniel 01,Daniel 02,Daniel 03,Daniel 04,Daniel 05,Daniel 06
Daniel 01,Daniel 02,Daniel 03,Daniel 04,Daniel 05,Daniel 06
Daniel 01,Daniel 02,Daniel 03,Daniel 04,Daniel 05,Daniel 06
Daniel 01,Daniel 02,Daniel 03,Daniel 04,Daniel 05,Daniel 06
Daniel 01,Daniel 02,Daniel 03,Daniel 04,Daniel 05,Daniel 06
Daniel 01,Daniel 02,Daniel 03,Daniel 04,Daniel 05,Daniel 06
Daniel 01,Daniel 02,Daniel 03,Daniel 04,Daniel 05,Daniel 06
Daniel 01,Daniel 02,Daniel 03,Daniel 04,Daniel 05,Daniel 06
Daniel 01,Daniel 02,Daniel 03,Daniel 04,Daniel 05,Daniel 06
Daniel 01,Daniel 02,Daniel 03,Daniel 04,Daniel 05,Daniel 06